ads_id,product_id,user_id,title,date_posted,status,description
1,21,17,Voluptates aliquid officia.,2024-01-10 01:05:23.353378,Active,Tenetur consequuntur voluptatibus laudantium. Consequuntur ea officia consequuntur molestiae iure ex. Architecto facere deserunt ducimus corporis.
2,9,21,Accusamus itaque voluptates minima tempore doloribus eum.,2023-07-22 01:24:02.413762,Active,Quod sit accusantium necessitatibus. Deserunt ipsa ea repellat aspernatur omnis. Dignissimos debitis amet debitis quae. Similique distinctio dolore impedit tempore.
3,38,19,Fugiat porro eaque.,2022-08-27 21:47:46.603341,Inactive,Repellendus vero necessitatibus rerum. Dicta nesciunt natus commodi aut sequi corrupti. Natus cumque earum praesentium.
4,25,15,Modi illo sapiente voluptatum labore.,2024-03-20 14:32:10.281720,Inactive,At ducimus at quam doloribus repudiandae quo. Porro amet placeat mollitia ipsum. Laboriosam aliquid incidunt officiis.
5,35,14,Sit quod deleniti harum.,2024-03-16 15:16:56.310240,Inactive,Dignissimos at similique praesentium repellendus. Consequuntur facilis tempore cupiditate magnam consequuntur minima.
6,27,16,Culpa modi soluta tempore voluptatem dignissimos nostrum corporis cupiditate.,2022-08-07 23:09:40.120004,Inactive,Consequuntur omnis laborum ipsa cum. Occaecati in officia suscipit odit placeat similique vel. Quasi quas nam sed cum.
7,18,7,Nihil maiores quo maxime laudantium rerum.,2024-01-26 13:03:15.981754,Active,Soluta ex quam. Vitae earum maxime error tenetur iusto incidunt.
8,16,16,Odit alias impedit officia totam.,2023-02-04 19:09:53.999262,Active,Sed magnam sed quasi mollitia.
9,13,24,Optio ipsum rerum.,2023-08-25 20:29:52.080123,Inactive,Earum amet quam animi modi expedita magni. Molestiae vero animi ut aspernatur dicta facere. Cum ipsam nobis nostrum.
10,45,16,Neque a ipsa sunt.,2023-10-12 17:28:33.749032,Active,Culpa vitae consequuntur sapiente similique laborum ducimus. Inventore mollitia molestias similique a quae expedita. Alias quam enim.
11,14,11,Ab iste accusamus corrupti hic harum.,2022-06-29 18:34:59.047924,Inactive,Optio autem explicabo delectus ratione. Iusto veritatis autem ratione aliquid.
12,1,7,Vel perferendis veniam natus beatae.,2023-09-01 20:02:19.133161,Inactive,Laboriosam modi quae.
13,9,15,Amet magni cum.,2022-10-10 14:14:18.404205,Active,Velit quo temporibus inventore illo blanditiis. Recusandae nesciunt voluptates porro non. Accusamus ut aliquam natus facere aliquam. Nihil dignissimos ex dolores repudiandae.
14,31,16,Pariatur molestias quaerat quibusdam molestias.,2023-03-09 02:34:19.402804,Inactive,Amet exercitationem deserunt fuga. Minus dignissimos ab modi aliquid.
15,36,1,Ex nesciunt fugiat eveniet.,2022-10-03 18:01:53.088279,Active,Blanditiis assumenda rem ipsum dolorem temporibus. Minima vel tenetur distinctio. At harum perspiciatis reprehenderit.
16,4,9,Culpa voluptates.,2023-10-11 21:56:37.583072,Inactive,Repudiandae voluptates velit sed occaecati ducimus quod. Sapiente animi a vitae ea commodi suscipit.
17,32,22,Occaecati incidunt tempore tenetur.,2024-04-15 17:49:51.665381,Active,Non minus earum asperiores. Maiores a sunt omnis molestias in corrupti. A voluptatibus pariatur laboriosam aliquid sed. Impedit repellendus nulla quae. Aliquam dolor esse soluta aliquam soluta iste error. Quaerat repudiandae nemo occaecati cupiditate suscipit voluptas.
18,43,4,Dolore possimus nemo rerum.,2023-05-12 05:57:39.215505,Active,Quo quae rerum temporibus. Et laborum minus maiores repellendus esse mollitia. Commodi perspiciatis odit voluptate quod quas vitae.
19,46,23,Officia ab earum.,2023-01-12 13:59:29.929736,Active,Exercitationem sequi aperiam asperiores ratione vel. Harum amet dolore nesciunt. Maiores distinctio libero ipsum mollitia quae.
20,29,25,Nemo similique blanditiis natus ratione.,2024-02-11 04:20:32.976934,Active,Nobis eius aliquid vitae animi perspiciatis. Quaerat perferendis minus incidunt corrupti beatae.
21,25,7,Quibusdam delectus debitis cum provident.,2022-10-15 07:52:15.784501,Active,Fugit sed doloribus possimus ullam in. Voluptate accusantium recusandae quod.
22,29,11,Doloribus consequatur molestiae sed sunt magnam et.,2023-10-19 10:27:54.704141,Inactive,Dolorum at distinctio voluptatem suscipit. Laudantium recusandae sit fuga. Itaque labore inventore accusamus rerum eligendi. Dolorum reiciendis molestias ipsam quam. Assumenda nihil possimus facilis autem.
23,18,21,Harum mollitia iure sapiente labore facere ratione.,2023-04-21 16:06:11.477378,Active,Laboriosam nulla modi cupiditate. Eum minima hic omnis necessitatibus. Magni dignissimos eos.
24,34,11,Itaque asperiores deleniti velit.,2022-06-15 16:40:07.554916,Inactive,Atque dolorem atque nesciunt. Ipsa odit autem quod quod nostrum. Similique dicta totam beatae odio molestias ea. Id sit in quasi perspiciatis id neque quis. Itaque deleniti saepe nemo fugit ipsam unde.
25,40,17,Perferendis alias aperiam eveniet quos unde.,2024-03-20 01:14:02.591589,Inactive,Accusantium atque quam nam quia. Iste pariatur voluptate necessitatibus nulla culpa eum mollitia. Rerum ut nostrum quibusdam. Itaque debitis fugit mollitia. Culpa non id. Voluptatibus illo minima atque laboriosam. Dignissimos eaque ad placeat dignissimos veniam.
26,33,23,Explicabo nisi voluptatem voluptate nulla voluptatum.,2023-10-02 22:14:31.565172,Inactive,Tenetur aspernatur corporis ipsam adipisci. Reprehenderit blanditiis dolor ullam omnis vero. Dicta labore tempore illum officia.
27,11,10,Magnam fugit.,2022-05-06 00:07:52.073780,Active,Necessitatibus laudantium voluptatibus suscipit voluptate impedit fugiat rerum. Quibusdam perspiciatis odit. Nostrum eligendi corporis officia at dolorem occaecati. Iste rerum adipisci laborum blanditiis accusantium maiores. Necessitatibus possimus ab. Sit ipsum maxime architecto.
28,5,14,Fugiat necessitatibus tenetur consequatur assumenda.,2022-07-27 14:33:40.232183,Active,Quibusdam expedita distinctio ut. Iusto alias nam veniam temporibus. Ab id dicta quos quasi quis laboriosam. Tempora perspiciatis aut laborum.
29,44,16,Ut voluptates.,2023-09-23 20:31:09.522403,Active,Nostrum qui culpa nam libero expedita.
30,10,9,Temporibus voluptatem autem.,2022-12-23 14:15:08.949279,Active,Asperiores nam doloribus vitae recusandae et. Voluptate deleniti saepe tenetur deserunt iste temporibus. In necessitatibus quos hic ad. Tempore sapiente vero aut sapiente aspernatur exercitationem. Laudantium esse totam excepturi molestias culpa.
31,11,20,Quod debitis.,2023-04-11 03:15:22.522947,Active,Facilis non nisi qui voluptates. Suscipit natus provident doloribus doloribus.
32,17,12,Esse fuga sit sunt.,2024-03-22 13:55:42.885358,Active,Sapiente accusamus neque voluptatum perspiciatis nesciunt.
33,8,20,Ipsam rem aspernatur architecto id beatae dicta.,2022-06-03 01:29:35.656075,Inactive,Consequatur dolor nostrum asperiores. Atque molestiae veritatis ex. Amet beatae velit.
34,19,20,Rem beatae cumque culpa quo quia eius.,2023-09-06 23:13:39.781777,Active,Maiores ad itaque at.
35,10,10,Praesentium eveniet earum.,2023-05-04 20:00:15.850302,Active,Inventore facilis nobis voluptatem. Voluptatem similique architecto at animi voluptate non. Voluptatem saepe aperiam doloribus placeat ea. Ipsum atque corporis in enim quibusdam quidem.
36,39,16,Mollitia unde maxime aliquam.,2024-03-04 01:15:25.429390,Active,Odio totam eligendi atque cumque veritatis similique aperiam. Tempore perspiciatis quo voluptate maxime non nesciunt tempore. Debitis vero inventore nulla.
37,23,25,Cum numquam mollitia at modi.,2024-01-25 01:29:47.950440,Inactive,Corporis odit exercitationem laborum tempora hic corrupti. Deserunt iusto quos incidunt. Qui in ducimus excepturi dolorem nihil.
38,10,4,Esse autem.,2022-08-03 15:56:34.972820,Active,Nostrum reprehenderit ex commodi vel. Necessitatibus perferendis quidem saepe. Hic odit inventore non beatae exercitationem facilis quis. Corrupti atque consectetur officiis accusantium minus aut. Voluptas fuga numquam quod praesentium tempora odio. Voluptates dolores dicta rem illum.
39,1,5,Praesentium quo ad.,2024-02-09 05:01:45.285605,Inactive,Quia architecto culpa nihil maiores tempora quas. Eum fugit magni debitis repudiandae officia.
40,11,8,Soluta ad voluptate nisi ab magnam ipsam.,2023-11-04 17:41:24.322695,Active,Quidem at unde aut tempore dolorem harum vero.
41,47,9,Voluptatibus ullam ratione voluptatem ipsum.,2024-02-07 19:52:17.009086,Active,Nostrum pariatur pariatur consequatur enim aspernatur ratione. Distinctio dolorem nesciunt delectus vitae eveniet. Itaque laboriosam consequatur exercitationem impedit ab repellat esse. In voluptas perspiciatis exercitationem repudiandae. Tempora commodi adipisci optio deserunt.
42,12,23,Minima quis itaque exercitationem.,2024-04-12 22:20:17.424355,Active,Ea cupiditate tenetur adipisci totam. Facilis cum in odio est.
43,47,24,Repellat similique reprehenderit in.,2024-02-02 09:17:56.049304,Inactive,Voluptatem eius hic corporis. Accusamus molestias culpa quas.
44,21,12,Atque natus libero vel.,2022-11-30 09:21:11.560505,Inactive,Rem similique eum vel at dolor harum. Harum earum cupiditate quasi totam vitae. Dolores cumque consequuntur inventore. Quas nulla ducimus tenetur non modi esse. Ea delectus sed libero labore. Atque natus quisquam blanditiis magnam voluptas.
45,9,24,Optio architecto porro iusto nesciunt.,2023-09-13 11:29:34.666611,Active,Deleniti cum rem. Accusamus nisi ipsa. Doloremque esse architecto atque sequi. Odio praesentium dignissimos dignissimos.
46,42,24,Autem velit fugiat sit fugit.,2022-10-11 12:30:36.223640,Inactive,Dolores qui possimus voluptates earum eaque eius. Sequi fuga odit eaque esse. Est doloremque alias perferendis a similique eveniet amet. Distinctio incidunt natus facere soluta.
47,13,19,Nulla suscipit veniam eaque illum quas.,2023-07-30 20:15:12.622592,Inactive,Nobis voluptatibus ut cumque aspernatur dolores. Voluptates deserunt fugit inventore nemo libero ex labore. Illum temporibus sapiente illum dolorem magnam. Assumenda voluptates eum reiciendis.
48,10,16,Nostrum repellat iusto dolores.,2024-02-27 11:12:46.859134,Active,Dignissimos magnam magni doloremque necessitatibus quibusdam sint similique.
49,49,25,Corporis consectetur.,2022-12-01 10:31:47.687207,Active,Provident autem optio assumenda. Maiores saepe maxime eos occaecati.
50,34,11,Hic nulla.,2023-10-02 09:08:58.920913,Inactive,Quasi libero ab dolorem praesentium quia harum quibusdam. Fugiat omnis numquam corporis molestiae. Quae nihil fugiat praesentium perspiciatis vero eveniet quas.
51,16,12,Ea est assumenda repellendus sunt quidem repellendus.,2024-02-17 04:41:57.918355,Inactive,Reprehenderit laboriosam vitae necessitatibus. Omnis exercitationem sunt commodi nam ab officia.
52,33,13,Debitis impedit esse.,2022-06-22 14:48:49.870015,Active,Consectetur quos maiores ducimus quam pariatur autem. Quae possimus nobis error doloribus unde eaque labore. Nisi expedita rerum. Illum ad quae perferendis.
53,12,14,Quam repellendus vel sint quaerat laudantium.,2023-06-19 10:19:00.192230,Inactive,Beatae quibusdam facilis porro veritatis. Sint labore animi eum. Consequatur cum numquam dolore iste ut saepe.
54,10,24,Exercitationem in sed ex nesciunt.,2022-08-03 16:51:11.349956,Inactive,Nulla maiores deleniti minus quidem.
55,30,3,Vel libero.,2022-07-05 08:01:33.043200,Active,Dignissimos laboriosam animi porro ex. Repudiandae modi facilis voluptatibus debitis pariatur.
56,45,12,Tempore iste ipsa voluptatum earum quisquam optio quis.,2023-10-12 20:16:47.218467,Inactive,Suscipit magni aut eum. Eaque iure at iusto. Laborum maiores ex. Aspernatur ipsum neque. Neque explicabo aliquid accusantium ipsam.
57,42,1,Incidunt itaque.,2023-07-15 00:01:30.472749,Inactive,Nobis harum omnis repudiandae cum. Non modi cum libero qui voluptatibus. Soluta et quia exercitationem totam.
58,3,1,Corrupti quae praesentium iure consequatur.,2023-09-27 06:58:22.530337,Inactive,Ducimus deleniti ipsa unde. Sunt fugit nobis nam et. Ut vel quis nisi itaque. In dicta aliquam tenetur optio quasi error itaque. Sapiente officia consequatur aliquam quod fugit. Qui nulla porro nobis minima quod placeat.
59,20,23,Rem dolorum error nostrum.,2023-06-29 12:03:22.820823,Active,Ab sit consequuntur deserunt maxime. Perferendis vitae nemo eius. Vitae odio debitis voluptate iusto.
60,14,14,Consequatur omnis voluptatem.,2023-06-10 16:32:32.417271,Active,Repudiandae repellat dolorum vitae possimus natus minus. Dignissimos ea ea cumque. Sint doloremque animi soluta. Quia ex laborum voluptas nobis. Eaque saepe dolorem blanditiis doloremque cum iusto.
61,8,24,Occaecati repellat a eveniet commodi.,2022-05-05 02:10:23.368861,Active,Fugit nemo commodi asperiores. Numquam consectetur culpa veniam.
62,2,10,A mollitia fugiat.,2022-07-26 03:46:32.088523,Inactive,Placeat repellendus eius fugiat aut quis sint aliquid. Sequi iure consequatur culpa dolore necessitatibus.
63,25,4,Ipsa dolorum ipsum qui iste.,2023-04-03 03:52:32.861800,Active,Quibusdam minima excepturi dolor adipisci maiores repudiandae. Praesentium doloremque exercitationem labore. Sint odio voluptatibus. Enim illum reiciendis magni doloremque. Dolor neque maxime. Blanditiis consequuntur delectus rem.
64,43,11,Nemo ex beatae at.,2024-03-30 22:34:36.252774,Active,Asperiores explicabo eos ullam nam molestias eveniet. Omnis vel vitae illo culpa iusto sunt. Debitis libero eligendi quam nulla tempora.
65,44,9,Debitis dolore.,2023-02-13 23:05:05.155884,Active,Sunt repellat labore magnam laudantium.
66,43,9,Incidunt doloribus.,2023-08-22 06:47:24.708291,Active,Optio repellat quo nulla voluptatem. Occaecati reiciendis necessitatibus rem dicta eveniet.
67,27,15,Tenetur.,2022-10-16 19:44:02.655959,Active,Iure dolor quisquam. Autem ipsum voluptates.
68,32,24,Eius culpa temporibus ipsa.,2023-02-22 11:08:26.367212,Active,Quas omnis officiis ipsam fugiat sit sapiente. Architecto culpa odit saepe officiis recusandae. Veritatis rerum numquam voluptatibus.
69,9,12,Excepturi aut accusantium.,2022-11-06 10:35:37.971657,Active,Quo maiores commodi aliquam. Provident saepe eligendi nam deserunt veritatis. Eius minus recusandae provident quia eos. Praesentium nobis neque labore.
70,39,18,Exercitationem necessitatibus exercitationem voluptates facere.,2023-06-06 00:35:29.460719,Active,Quo sunt beatae amet. Non ullam voluptas illo ut non sequi. Magni possimus sunt autem. Cumque ipsum in ipsum iusto similique.
71,27,2,Rem aperiam unde eaque sit corporis.,2023-09-24 18:55:26.406039,Active,Sed tenetur sint labore. Eligendi eos optio cum nulla quibusdam sit. Nobis cumque assumenda architecto explicabo eius esse. Dolore placeat repudiandae illo doloribus.
72,2,5,Beatae iusto qui accusamus esse assumenda.,2022-06-14 16:32:13.790136,Active,Libero fugiat eaque unde iste eaque officia neque. Voluptate qui optio sit explicabo voluptate. Nulla iusto at magnam.
73,38,20,Earum voluptatibus suscipit molestias exercitationem.,2022-05-14 12:54:25.988499,Inactive,Iure quia qui.
74,19,7,Explicabo expedita minus accusantium.,2024-04-05 12:59:19.872727,Active,Voluptate voluptate nemo cupiditate inventore. Harum itaque cupiditate hic facere ipsum. Cupiditate eos iusto culpa architecto possimus. Molestiae ea debitis voluptatum expedita facere minima. Voluptates eveniet id esse eveniet autem.
75,21,2,Aspernatur dolor.,2024-04-22 02:06:34.419383,Active,Id laborum quaerat dolores unde dolores saepe doloremque. Culpa magnam rem odit sunt itaque. Quas sapiente adipisci hic eaque accusamus provident non. Id corporis rem possimus ducimus voluptates. Veniam dicta ab blanditiis neque autem maxime. Maiores enim laudantium molestiae facere.
76,19,14,Dolorum inventore.,2023-12-24 22:41:44.512219,Inactive,Id soluta quia molestias vitae dolores unde.
77,25,12,Officia optio minus minus fuga.,2023-04-26 07:31:42.182256,Active,Inventore accusantium nesciunt voluptas. Incidunt ipsa est consequuntur ab veritatis.
78,3,21,Dolore distinctio.,2022-11-16 11:43:05.619723,Inactive,Fugiat magni tenetur officiis. Fuga quos velit illo.
79,2,24,Iste quasi reprehenderit cum totam.,2022-07-11 18:17:36.222086,Inactive,Sunt aliquam dolorum rerum iste eaque. Nisi numquam doloribus magni recusandae impedit voluptate provident. Ipsum saepe fugit. Nostrum natus velit est sunt. Accusantium sit enim neque odit debitis maiores.
80,25,10,Minima reiciendis dignissimos ex nulla.,2023-03-25 23:17:47.721073,Inactive,Doloribus soluta porro eius.
81,28,8,Dolor perferendis quod ducimus.,2022-06-25 01:26:27.877731,Inactive,Commodi animi numquam porro quam velit quasi. Vel dolor dicta sed laudantium iusto iure. Repellat sequi totam at nisi quibusdam blanditiis perferendis. Alias sed necessitatibus excepturi. Ex eveniet suscipit molestias aperiam.
82,12,19,Culpa recusandae sunt voluptates dicta doloremque minus mollitia.,2022-10-17 23:45:04.306774,Inactive,Quod iste perferendis ex perspiciatis laborum consequatur debitis. Dignissimos nobis voluptates illum veniam distinctio minima esse.
83,30,9,Modi qui suscipit sit voluptatum.,2023-04-13 07:59:01.202406,Active,Sit quidem voluptas dolor.
84,45,13,Corporis placeat labore doloremque dolores.,2022-05-14 03:41:41.304438,Inactive,Beatae sed ipsam natus. Exercitationem illo quos ducimus unde veniam iste repudiandae. Cumque inventore quos nesciunt.
85,17,8,Velit reiciendis sint ad.,2023-06-28 06:16:19.161536,Active,Cupiditate quae magni dolorem. Aperiam officiis debitis illum quas quis dolore. Laboriosam mollitia necessitatibus possimus iure.
86,27,2,Recusandae praesentium quos numquam provident.,2024-03-27 01:11:05.266123,Active,Explicabo nostrum aspernatur. Quisquam est non maxime veritatis. Voluptatibus cum quam aspernatur. Debitis quam eveniet voluptatibus. Reiciendis aliquid reprehenderit.
87,3,7,Asperiores blanditiis voluptas iusto labore.,2023-06-17 03:45:34.357369,Active,Quisquam autem impedit. Necessitatibus corporis repudiandae voluptate ad. Ad consequatur eum vitae. Asperiores eius nulla maiores nam. Repudiandae cumque esse dolor repudiandae odit.
88,43,11,Temporibus dolorem culpa minima autem nemo numquam nemo necessitatibus.,2024-02-02 21:50:27.759204,Active,Occaecati recusandae voluptatum aliquid voluptatem illo perspiciatis. Tempore commodi nemo amet consequuntur.
89,44,20,Earum earum consequuntur soluta tempore.,2023-03-02 16:20:20.194112,Inactive,Facere impedit rem deleniti est expedita at quam. Placeat rem eos sequi.
90,35,8,Magnam dicta rem tenetur.,2022-08-08 07:19:29.471764,Inactive,Eius similique facere explicabo in aliquid. Possimus laborum ipsam architecto odio perspiciatis.
91,36,13,Cumque harum id nostrum mollitia quod et architecto autem.,2023-10-13 05:58:29.338513,Inactive,Doloribus placeat ipsum enim aut recusandae. At officia non nisi nesciunt laudantium. Minima optio non inventore dolorem. Aut inventore vitae inventore rerum.
92,42,20,Nemo nihil dolorum rem.,2023-10-02 00:45:52.885272,Active,Magni corporis error hic libero recusandae. Saepe exercitationem dolorem vitae quaerat. Quas animi excepturi. Voluptatem itaque ipsam hic.
93,25,21,Dolore consequatur amet provident officia soluta.,2022-06-06 02:30:48.446912,Inactive,Iusto error at debitis. Ab accusamus laudantium laudantium esse rerum perferendis beatae. Id sunt architecto eius incidunt quos. Quo sapiente quam.
94,44,20,Optio culpa iste ab.,2023-01-29 01:09:39.958844,Inactive,Est iste rem deserunt quos. Sequi sunt tenetur suscipit explicabo excepturi. Occaecati eum a dolorum fugiat consequuntur natus dignissimos. Consequuntur quo a minus quis.
95,17,8,Placeat cumque unde.,2024-01-07 21:58:22.046357,Inactive,Blanditiis ullam officia nihil illum. Alias dolorum dolorum consectetur perspiciatis fuga. Consectetur inventore est saepe voluptates fugit.
96,19,16,Similique libero dicta necessitatibus dolor eveniet.,2023-10-11 16:13:24.415806,Inactive,Voluptatum unde sapiente debitis est. Qui sit officiis a sed. Nostrum sapiente ab at perferendis dolore sequi vel.
97,10,20,Minus delectus consequatur ex ipsa dignissimos fugiat.,2024-04-11 11:09:30.640208,Inactive,Pariatur sint quo adipisci iusto. Perspiciatis aperiam tempora delectus in dolores debitis.
98,28,22,Dolorem eligendi vitae magnam vero officia.,2023-01-19 07:15:16.049229,Inactive,Dolores veritatis tenetur exercitationem fuga ipsam quis repellat. Deserunt placeat recusandae veniam repellat ipsa voluptate.
99,11,25,Id nam earum ratione saepe.,2023-10-24 18:26:58.087823,Inactive,Facilis iure earum in aliquid. Ratione nostrum veritatis.
100,48,11,Aperiam beatae deserunt deleniti velit.,2022-10-12 16:42:37.315557,Active,Sequi eligendi explicabo delectus. Ad a itaque adipisci illum. Mollitia molestias expedita ad.
